uid,treatment,inaccuracySaturationPre,inaccuracySaturationPost,inaccuracyDistancePre,inaccuracyDistancePost,inaccuracyValuePre,inaccuracyValuePost,isOverPre,isOverPost,isOverPossible,isUnderPre,isUnderPost,isUnderPossible,isExactPre,isExactPost,drift,absoluteDrift,isBackfire,isBackfirePossible,isIntended,
4,safe,0.25,0,1,0,1,0,1,0,1,0,0,0,0,1,-1,1,,1,,
4,none,1,1,2,2,-2,2,0,1,1,1,0,1,0,0,4,4,,,,
4,goggles,0.5,0,1,0,1,0,1,0,1,0,0,1,0,1,-1,1,,1,,
4,goggles,0.33333333333333,0,1,0,1,0,1,0,1,0,0,1,0,1,-1,1,,,,
4,goggles,0,0,0,0,0,0,0,0,1,0,0,0,1,1,0,0,,,,
4,highlight,0,0.25,0,1,0,-1,0,0,0,0,1,1,1,0,-1,1,,,,
4,goggles,0.33333333333333,0.33333333333333,1,1,-1,-1,0,0,1,1,1,1,0,0,0,0,,,,
4,safe,0.33333333333333,0,1,0,-1,0,0,0,1,1,0,1,0,1,1,1,,,,
4,highlight,0.25,0.25,1,1,-1,-1,0,0,0,1,1,1,0,0,0,0,,1,,
4,control,0.33333333333333,0.33333333333333,1,1,-1,-1,0,0,1,1,1,1,0,0,0,0,,,,
4,control,0.75,1,3,4,3,4,1,1,1,0,0,0,0,0,1,1,,1,,
5,goggles,0,0,0,0,0,0,0,0,1,0,0,0,1,1,0,0,,,,
5,none,0,1,0,2,0,2,0,1,1,0,0,1,1,0,2,2,,1,,
5,highlight,0,0,0,0,0,0,0,0,1,0,0,1,1,1,0,0,,1,,
5,highlight,0.33333333333333,0.33333333333333,1,1,1,1,1,1,1,0,0,1,0,0,0,0,,,,
5,safe,0.25,0.25,1,1,1,1,1,1,1,0,0,0,0,0,0,0,,1,,
5,none,0.75,1,3,4,-3,-4,0,0,0,1,1,1,0,0,-1,1,,1,,
5,highlight,0.33333333333333,1,1,3,-1,3,0,1,1,1,0,1,0,0,4,4,,,,
5,safe,0.33333333333333,0,1,0,-1,0,0,0,1,1,0,1,0,1,1,1,,,,
5,highlight,0.25,0,1,0,-1,0,0,0,0,1,0,1,0,1,1,1,,1,,
5,control,0.33333333333333,0.33333333333333,1,1,-1,-1,0,0,1,1,1,1,0,0,0,0,,,,
5,control,0.25,1,1,4,1,4,1,1,1,0,0,0,0,0,3,3,,1,,
6,goggles,0.5,0,2,0,2,0,1,0,1,0,0,0,0,1,-2,2,,1,,
6,highlight,0.5,0,1,0,-1,0,0,0,1,1,0,1,0,1,1,1,,1,,
6,goggles,0,0.5,0,1,0,-1,0,0,1,0,1,1,1,0,-1,1,,1,,
6,safe,0,0,0,0,0,0,0,0,1,0,0,1,1,1,0,0,,1,,
6,highlight,0,0,0,0,0,0,0,0,1,0,0,0,1,1,0,0,,,,
6,highlight,0,0,0,0,0,0,0,0,0,0,0,1,1,1,0,0,,,,
6,none,0.66666666666667,0.66666666666667,2,2,2,2,1,1,1,0,0,1,0,0,0,0,,1,,
6,none,0,0.66666666666667,0,2,0,2,0,1,1,0,0,1,1,0,2,2,,1,,
6,highlight,0.75,0,3,0,-3,0,0,0,0,1,0,1,0,1,3,3,,1,,
6,control,,0.66666666666667,,2,,2,,1,1,,0,1,,0,,0,,,,
6,control,0.75,0.75,3,3,3,3,1,1,1,0,0,0,0,0,0,0,,1,,
7,none,0.75,0.75,3,3,3,3,1,1,1,0,0,0,0,0,0,0,,1,,
7,highlight,0.5,0.5,1,1,-1,1,0,1,1,1,0,1,0,0,2,2,,1,,
7,none,0,1,0,2,0,2,0,1,1,0,0,1,1,0,2,2,,1,,
7,safe,0,0.33333333333333,0,1,0,1,0,1,1,0,0,1,1,0,1,1,,1,,
7,goggles,0.25,0,1,0,1,0,1,0,1,0,0,0,0,1,-1,1,,1,,
7,goggles,0.75,0.5,3,2,-3,-2,0,0,0,1,1,1,0,0,1,1,,1,,
7,highlight,1,0,3,0,3,0,1,0,1,0,0,1,0,1,-3,3,,,,
7,highlight,0.33333333333333,0,1,0,-1,0,0,0,1,1,0,1,0,1,1,1,,,,
7,highlight,0.75,0.75,3,3,-3,-3,0,0,0,1,1,1,0,0,0,0,,1,,
7,control,0,0,0,0,0,0,0,0,1,0,0,1,1,1,0,0,,1,,
7,control,0.75,0.75,3,3,3,3,1,1,1,0,0,0,0,0,0,0,,1,,
8,none,0.25,0.75,1,3,1,3,1,1,1,0,0,0,0,0,2,2,,1,,
8,safe,0.5,0,1,0,-1,0,0,0,1,1,0,1,0,1,1,1,,1,,
8,none,0,0,0,0,0,0,0,0,1,0,0,1,1,1,0,0,,1,,
8,goggles,0.33333333333333,0,1,0,-1,0,0,0,1,1,0,1,0,1,1,1,,1,,
8,highlight,0.25,0.25,1,1,1,1,1,1,1,0,0,0,0,0,0,0,,1,,
8,goggles,0.25,0.25,1,1,-1,-1,0,0,0,1,1,1,0,0,0,0,,1,,
8,highlight,0.33333333333333,0.33333333333333,1,1,1,-1,1,0,1,0,1,1,0,0,-2,2,,1,,
8,safe,0.33333333333333,0,1,0,-1,0,0,0,1,1,0,1,0,1,1,1,,,,
8,highlight,0.75,0,3,0,-3,0,0,0,0,1,0,1,0,1,3,3,,1,,
8,control,0.33333333333333,0.33333333333333,1,1,1,1,1,1,1,0,0,1,0,0,0,0,,1,,
8,control,0.5,0.5,2,2,2,2,1,1,1,0,0,0,0,0,0,0,,1,,
9,goggles,0.25,0.5,1,2,1,2,1,1,1,0,0,0,0,0,1,1,,1,,
9,safe,0.5,,1,,-1,,0,,1,1,,1,0,,,0,,,,
9,highlight,0.5,0,1,0,-1,0,0,0,1,1,0,1,0,1,1,1,,1,,
9,none,0.66666666666667,0.66666666666667,2,2,-2,-2,0,0,1,1,1,1,0,0,0,0,,1,,
9,none,0,0.5,0,2,0,2,0,1,1,0,0,0,1,0,2,2,,,,
9,highlight,0.5,0,2,0,-2,0,0,0,0,1,0,1,0,1,2,2,,1,,
9,highlight,0.33333333333333,0.66666666666667,1,2,-1,2,0,1,1,1,0,1,0,0,3,3,,,,
9,goggles,,0.66666666666667,,2,,2,,1,1,,0,1,,0,,0,,,,
9,safe,0.75,0,3,0,-3,0,0,0,0,1,0,1,0,1,3,3,,1,,
9,control,0.33333333333333,0.33333333333333,1,1,-1,-1,0,0,1,1,1,1,0,0,0,0,,,,
9,control,1,,4,,4,,1,,1,0,,0,0,,,0,,,,
10,goggles,0.25,0,1,0,1,0,1,0,1,0,0,0,0,1,-1,1,,1,,
10,highlight,0.5,0.5,1,1,-1,-1,0,0,1,1,1,1,0,0,0,0,,1,,
10,safe,0.5,0,1,0,-1,0,0,0,1,1,0,1,0,1,1,1,,1,,
10,goggles,0.33333333333333,0,1,0,-1,0,0,0,1,1,0,1,0,1,1,1,,1,,
10,none,0.25,0.25,1,1,1,1,1,1,1,0,0,0,0,0,0,0,,1,,
10,goggles,0.5,0.25,2,1,-2,-1,0,0,0,1,1,1,0,0,1,1,,1,,
10,safe,0,0.33333333333333,0,1,0,1,0,1,1,0,0,1,1,0,1,1,,1,,
10,highlight,0,0.33333333333333,0,1,0,1,0,1,1,0,0,1,1,0,1,1,,1,,
10,goggles,0.75,0.5,3,2,-3,-2,0,0,0,1,1,1,0,0,1,1,,1,,
10,control,0,0,0,0,0,0,0,0,1,0,0,1,1,1,0,0,,1,,
10,control,0.75,0.75,3,3,3,3,1,1,1,0,0,0,0,0,0,0,,1,,
11,safe,0.5,0,2,0,2,0,1,0,1,0,0,0,0,1,-2,2,,1,,
11,none,0.5,0.5,1,1,1,-1,1,0,1,0,1,1,0,0,-2,2,,1,,
11,safe,0.5,1,1,2,1,-2,1,0,1,0,1,1,0,0,-3,3,,1,,
11,highlight,0,0,0,0,0,0,0,0,1,0,0,1,1,1,0,0,,1,,
11,highlight,0.25,0.25,1,1,1,1,1,1,1,0,0,0,0,0,0,0,,1,,
11,goggles,1,0,4,0,-4,0,0,0,0,1,0,1,0,1,4,4,,,,
11,goggles,1,0.33333333333333,3,1,3,-1,1,0,1,0,1,1,0,0,-4,4,,,,
11,none,0.33333333333333,0.33333333333333,1,1,-1,-1,0,0,1,1,1,1,0,0,0,0,,,,
11,highlight,0.25,0,1,0,-1,0,0,0,0,1,0,1,0,1,1,1,,1,,
11,control,0.33333333333333,0.33333333333333,1,1,-1,-1,0,0,1,1,1,1,0,0,0,0,,,,
11,control,1,0.75,4,3,4,3,1,1,1,0,0,0,0,0,-1,1,,,,
13,highlight,0.25,0,1,0,1,0,1,0,1,0,0,0,0,1,-1,1,,1,,
13,highlight,0.5,0.5,1,1,-1,1,0,1,1,1,0,1,0,0,2,2,,1,,
13,none,0,0.5,0,1,0,1,0,1,1,0,0,1,1,0,1,1,,1,,
13,safe,0,0.33333333333333,0,1,0,1,0,1,1,0,0,1,1,0,1,1,,1,,
13,highlight,0.25,0,1,0,1,0,1,0,1,0,0,0,0,1,-1,1,,1,,
13,none,0.25,0,1,0,-1,0,0,0,0,1,0,1,0,1,1,1,,1,,
13,goggles,0.33333333333333,0,1,0,-1,0,0,0,1,1,0,1,0,1,1,1,,,,
13,goggles,0.33333333333333,0,1,0,-1,0,0,0,1,1,0,1,0,1,1,1,,,,
13,highlight,0.5,0,2,0,-2,0,0,0,0,1,0,1,0,1,2,2,,1,,
13,control,0.33333333333333,0,1,0,-1,0,0,0,1,1,0,1,0,1,1,1,,,,
13,control,0.5,0.5,2,2,2,2,1,1,1,0,0,0,0,0,0,0,,1,,
14,highlight,0.5,0.5,2,2,2,2,1,1,1,0,0,0,0,0,0,0,,1,,
14,goggles,0.5,0.5,1,1,-1,1,0,1,1,1,0,1,0,0,2,2,,1,,
14,safe,0,0,0,0,0,0,0,0,1,0,0,1,1,1,0,0,,1,,
14,none,0.33333333333333,0,1,0,-1,0,0,0,1,1,0,1,0,1,1,1,,1,,
14,goggles,0.25,0.5,1,2,1,2,1,1,1,0,0,0,0,0,1,1,,1,,
14,highlight,0.25,0.25,1,1,-1,-1,0,0,0,1,1,1,0,0,0,0,,1,,
14,none,1,1,3,3,3,3,1,1,1,0,0,1,0,0,0,0,,,,
14,highlight,0,0,0,0,0,0,0,0,1,0,0,1,1,1,0,0,,1,,
14,highlight,0.5,0.25,2,1,-2,-1,0,0,0,1,1,1,0,0,1,1,,1,,
14,control,,0.33333333333333,,1,,1,,1,1,,0,1,,0,,0,,,,
14,control,0.75,0.75,3,3,3,3,1,1,1,0,0,0,0,0,0,0,,1,,
16,highlight,0,0,0,0,0,0,0,0,1,0,0,0,1,1,0,0,,,,
16,highlight,0.5,0.5,1,1,-1,1,0,1,1,1,0,1,0,0,2,2,,1,,
16,none,0.5,0.5,1,1,-1,-1,0,0,1,1,1,1,0,0,0,0,,1,,
16,highlight,0.33333333333333,0.33333333333333,1,1,1,1,1,1,1,0,0,1,0,0,0,0,,,,
16,safe,0.25,0,1,0,1,0,1,0,1,0,0,0,0,1,-1,1,,1,,
16,goggles,0,0,0,0,0,0,0,0,0,0,0,1,1,1,0,0,,,,
16,safe,0,0.33333333333333,0,1,0,1,0,1,1,0,0,1,1,0,1,1,,1,,
16,none,0,0,0,0,0,0,0,0,1,0,0,1,1,1,0,0,,1,,
16,highlight,0.25,0,1,0,-1,0,0,0,0,1,0,1,0,1,1,1,,1,,
16,control,0,0,0,0,0,0,0,0,1,0,0,1,1,1,0,0,,1,,
16,control,0.75,0.75,3,3,3,3,1,1,1,0,0,0,0,0,0,0,,1,,
17,goggles,0,0,0,0,0,0,0,0,1,0,0,0,1,1,0,0,,,,
17,highlight,0.5,0.5,1,1,-1,-1,0,0,1,1,1,1,0,0,0,0,,1,,
17,safe,0.5,0.5,1,1,1,1,1,1,1,0,0,1,0,0,0,0,,1,,
17,none,0,0,0,0,0,0,0,0,1,0,0,1,1,1,0,0,,1,,
17,none,0.25,0.5,1,2,1,2,1,1,1,0,0,0,0,0,1,1,,1,,
17,safe,0.25,0.25,1,1,-1,-1,0,0,0,1,1,1,0,0,0,0,,1,,
17,goggles,1,0,3,0,3,0,1,0,1,0,0,1,0,1,-3,3,,,,
17,goggles,0.33333333333333,0.33333333333333,1,1,-1,-1,0,0,1,1,1,1,0,0,0,0,,,,
17,goggles,0.5,0,2,0,-2,0,0,0,0,1,0,1,0,1,2,2,,1,,
17,control,0,0,0,0,0,0,0,0,1,0,0,1,1,1,0,0,,1,,
17,control,1,0.75,4,3,4,3,1,1,1,0,0,0,0,0,-1,1,,,,
18,highlight,0,,0,,0,,0,,1,0,,0,1,,,0,,,,
18,none,1,,2,,-2,,0,,1,1,,1,0,,,0,,,,
18,none,0.5,,1,,1,,1,,1,0,,1,0,,,0,,,,
18,goggles,0.33333333333333,,1,,-1,,0,,1,1,,1,0,,,0,,,,
18,highlight,0.5,,2,,2,,1,,1,0,,0,0,,,0,,,,
18,none,0.5,,2,,-2,,0,,0,1,,1,0,,,0,,,,
18,safe,0.33333333333333,,1,,1,,1,,1,0,,1,0,,,0,,,,
18,goggles,0.33333333333333,,1,,-1,,0,,1,1,,1,0,,,0,,,,
18,safe,0,,0,,0,,0,,0,0,,1,1,,,0,,,,
18,control,0.33333333333333,,1,,-1,,0,,1,1,,1,0,,,0,,,,
18,control,1,,4,,4,,1,,1,0,,0,0,,,0,,,,
19,highlight,0.25,0,1,0,1,0,1,0,1,0,0,0,0,1,-1,1,,1,,
19,goggles,0,0.5,0,1,0,1,0,1,1,0,0,1,1,0,1,1,,1,,
19,highlight,0.5,0,1,0,-1,0,0,0,1,1,0,1,0,1,1,1,,1,,
19,goggles,0.33333333333333,0,1,0,1,0,1,0,1,0,0,1,0,1,-1,1,,,,
19,none,0,0,0,0,0,0,0,0,1,0,0,0,1,1,0,0,,,,
19,safe,0.25,0.75,1,3,-1,-3,0,0,0,1,1,1,0,0,-2,2,,1,,
19,highlight,1,0,3,0,3,0,1,0,1,0,0,1,0,1,-3,3,,,,
19,safe,0,0.33333333333333,0,1,0,-1,0,0,1,0,1,1,1,0,-1,1,,1,,
19,highlight,0.25,0.25,1,1,-1,-1,0,0,0,1,1,1,0,0,0,0,,1,,
19,control,0,0,0,0,0,0,0,0,1,0,0,1,1,1,0,0,,1,,
19,control,0.75,0.5,3,2,3,2,1,1,1,0,0,0,0,0,-1,1,,1,,
27,safe,0.5,0.25,2,1,2,1,1,1,1,0,0,0,0,0,-1,1,,1,,
27,none,0,1,0,2,0,-2,0,0,1,0,1,1,1,0,-2,2,,1,,
27,highlight,0.5,1,1,2,1,-2,1,0,1,0,1,1,0,0,-3,3,,1,,
27,none,0,0.33333333333333,0,1,0,1,0,1,1,0,0,1,1,0,1,1,,1,,
27,goggles,0,0,0,0,0,0,0,0,1,0,0,0,1,1,0,0,,,,
27,safe,0.25,0,1,0,-1,0,0,0,0,1,0,1,0,1,1,1,,1,,
27,highlight,0.66666666666667,0.33333333333333,2,1,2,-1,1,0,1,0,1,1,0,0,-3,3,,1,,
27,highlight,0.33333333333333,0,1,0,1,0,1,0,1,0,0,1,0,1,-1,1,,1,,
27,highlight,0.25,0,1,0,-1,0,0,0,0,1,0,1,0,1,1,1,,1,,
27,control,0.66666666666667,0,2,0,2,0,1,0,1,0,0,1,0,1,-2,2,,1,,
27,control,0.75,1,3,4,3,4,1,1,1,0,0,0,0,0,1,1,,1,,
28,goggles,0.25,0,1,0,1,0,1,0,1,0,0,0,0,1,-1,1,,1,,
28,safe,1,0.5,2,1,-2,-1,0,0,1,1,1,1,0,0,1,1,,,,
28,highlight,0,0,0,0,0,0,0,0,1,0,0,1,1,1,0,0,,1,,
28,goggles,0,0,0,0,0,0,0,0,1,0,0,1,1,1,0,0,,1,,
28,highlight,0,0,0,0,0,0,0,0,1,0,0,0,1,1,0,0,,,,
28,safe,0.25,0,1,0,-1,0,0,0,0,1,0,1,0,1,1,1,,1,,
28,none,0.66666666666667,0.66666666666667,2,2,2,2,1,1,1,0,0,1,0,0,0,0,,1,,
28,highlight,0.33333333333333,0,1,0,1,0,1,0,1,0,0,1,0,1,-1,1,,1,,
28,highlight,0.25,0,1,0,-1,0,0,0,0,1,0,1,0,1,1,1,,1,,
28,control,0,0,0,0,0,0,0,0,1,0,0,1,1,1,0,0,,1,,
28,control,0.75,0.75,3,3,3,3,1,1,1,0,0,0,0,0,0,0,,1,,
31,goggles,0.5,0.25,2,1,2,1,1,1,1,0,0,0,0,0,-1,1,,1,,
31,highlight,0,0.5,0,1,0,-1,0,0,1,0,1,1,1,0,-1,1,,1,,
31,none,0,0,0,0,0,0,0,0,1,0,0,1,1,1,0,0,,1,,
31,highlight,0.66666666666667,0.66666666666667,2,2,-2,-2,0,0,1,1,1,1,0,0,0,0,,1,,
31,goggles,0.5,0,2,0,2,0,1,0,1,0,0,0,0,1,-2,2,,1,,
31,highlight,0,0,0,0,0,0,0,0,0,0,0,1,1,1,0,0,,,,
31,highlight,0.33333333333333,0.33333333333333,1,1,1,1,1,1,1,0,0,1,0,0,0,0,,1,,
31,safe,0.33333333333333,0.33333333333333,1,1,-1,-1,0,0,1,1,1,1,0,0,0,0,,,,
31,safe,0.25,0.25,1,1,-1,-1,0,0,0,1,1,1,0,0,0,0,,1,,
31,control,0.33333333333333,0,1,0,1,0,1,0,1,0,0,1,0,1,-1,1,,1,,
31,control,0.5,0.5,2,2,2,2,1,1,1,0,0,0,0,0,0,0,,1,,
32,highlight,0,0,0,0,0,0,0,0,1,0,0,0,1,1,0,0,,,,
32,none,0.5,1,1,2,-1,-2,0,0,1,1,1,1,0,0,-1,1,,1,,
32,safe,0.5,0.5,1,1,1,-1,1,0,1,0,1,1,0,0,-2,2,,1,,
32,highlight,0,0,0,0,0,0,0,0,1,0,0,1,1,1,0,0,,1,,
32,none,0,0.25,0,1,0,1,0,1,1,0,0,0,1,0,1,1,,,,
32,safe,0,0.25,0,1,0,-1,0,0,0,0,1,1,1,0,-1,1,,,,
32,safe,0.33333333333333,0.66666666666667,1,2,-1,2,0,1,1,1,0,1,0,0,3,3,,,,
32,goggles,0.33333333333333,0.66666666666667,1,2,-1,2,0,1,1,1,0,1,0,0,3,3,,,,
32,safe,0.5,0,2,0,-2,0,0,0,0,1,0,1,0,1,2,2,,1,,
32,control,0.33333333333333,0.33333333333333,1,1,-1,-1,0,0,1,1,1,1,0,0,0,0,,,,
32,control,0.5,0.5,2,2,2,2,1,1,1,0,0,0,0,0,0,0,,1,,
33,goggles,0,0,0,0,0,0,0,0,1,0,0,0,1,1,0,0,,,,
33,highlight,1,0.5,2,1,-2,1,0,1,1,1,0,1,0,0,3,3,,,,
33,none,0.5,0.5,1,1,1,1,1,1,1,0,0,1,0,0,0,0,,1,,
33,safe,0,0.33333333333333,0,1,0,1,0,1,1,0,0,1,1,0,1,1,,1,,
33,safe,0.25,0,1,0,1,0,1,0,1,0,0,0,0,1,-1,1,,1,,
33,highlight,0.25,0,1,0,-1,0,0,0,0,1,0,1,0,1,1,1,,1,,
33,none,1,1,3,3,3,3,1,1,1,0,0,1,0,0,0,0,,,,
33,highlight,0,0.66666666666667,0,2,0,2,0,1,1,0,0,1,1,0,2,2,,1,,
33,highlight,0.5,0,2,0,-2,0,0,0,0,1,0,1,0,1,2,2,,1,,
33,control,0.33333333333333,0.33333333333333,1,1,-1,-1,0,0,1,1,1,1,0,0,0,0,,,,
33,control,1,0.75,4,3,4,3,1,1,1,0,0,0,0,0,-1,1,,,,
34,goggles,0.75,0.25,3,1,3,1,1,1,1,0,0,0,0,0,-2,2,,1,,
34,safe,1,0.5,2,1,-2,1,0,1,1,1,0,1,0,0,3,3,,,,
34,highlight,0,1,0,2,0,2,0,1,1,0,0,1,1,0,2,2,,1,,
34,none,0.33333333333333,0.33333333333333,1,1,-1,1,0,1,1,1,0,1,0,0,2,2,,1,,
34,highlight,0,0.25,0,1,0,1,0,1,1,0,0,0,1,0,1,1,,,,
34,safe,0.5,0.25,2,1,-2,-1,0,0,0,1,1,1,0,0,1,1,,1,,
34,goggles,0.33333333333333,0.66666666666667,1,2,-1,2,0,1,1,1,0,1,0,0,3,3,,,,
34,highlight,0.33333333333333,0.66666666666667,1,2,-1,2,0,1,1,1,0,1,0,0,3,3,,,,
34,none,0.5,0,2,0,-2,0,0,0,0,1,0,1,0,1,2,2,,1,,
34,control,0,0.33333333333333,0,1,0,1,0,1,1,0,0,1,1,0,1,1,,1,,
34,control,1,1,4,4,4,4,1,1,1,0,0,0,0,0,0,0,,,,
43,highlight,0,0,0,0,0,0,0,0,1,0,0,0,1,1,0,0,,,,
43,highlight,0.5,0,1,0,-1,0,0,0,1,1,0,1,0,1,1,1,,1,,
43,goggles,,1,,2,,-2,,0,1,,1,1,,0,,0,,,,
43,none,1,0.33333333333333,3,1,-3,1,0,1,1,1,0,1,0,0,4,4,,,,
43,goggles,,0,,0,,0,,0,1,,0,0,,1,,0,,,,
43,highlight,0.5,0,2,0,-2,0,0,0,0,1,0,1,0,1,2,2,,1,,
43,highlight,0.33333333333333,0.33333333333333,1,1,-1,-1,0,0,1,1,1,1,0,0,0,0,,,,
43,safe,0.33333333333333,0.33333333333333,1,1,-1,-1,0,0,1,1,1,1,0,0,0,0,,,,
43,safe,0.75,0,3,0,-3,0,0,0,0,1,0,1,0,1,3,3,,1,,
43,control,0.33333333333333,0.33333333333333,1,1,-1,-1,0,0,1,1,1,1,0,0,0,0,,,,
43,control,0,1,0,4,0,4,0,1,1,0,0,0,1,0,4,4,,,,
46,highlight,0,0,0,0,0,0,0,0,1,0,0,0,1,1,0,0,,,,
46,goggles,1,0.5,2,1,2,1,1,1,1,0,0,1,0,0,-1,1,,,,
46,highlight,0.5,0,1,0,1,0,1,0,1,0,0,1,0,1,-1,1,,1,,
46,safe,0,0.33333333333333,0,1,0,-1,0,0,1,0,1,1,1,0,-1,1,,1,,
46,goggles,0.25,0.25,1,1,1,1,1,1,1,0,0,0,0,0,0,0,,1,,
46,none,0.25,0.75,1,3,-1,-3,0,0,0,1,1,1,0,0,-2,2,,1,,
46,safe,0.66666666666667,0,2,0,2,0,1,0,1,0,0,1,0,1,-2,2,,1,,
46,goggles,0,0,0,0,0,0,0,0,1,0,0,1,1,1,0,0,,1,,
46,goggles,0.5,0,2,0,-2,0,0,0,0,1,0,1,0,1,2,2,,1,,
46,control,0.33333333333333,0.33333333333333,1,1,-1,-1,0,0,1,1,1,1,0,0,0,0,,,,
46,control,0.75,0.75,3,3,3,3,1,1,1,0,0,0,0,0,0,0,,1,,
52,goggles,0,0.75,0,3,0,3,0,1,1,0,0,0,1,0,3,3,,,,
52,goggles,1,1,2,2,-2,2,0,1,1,1,0,1,0,0,4,4,,,,
52,highlight,0.5,0.5,1,1,1,1,1,1,1,0,0,1,0,0,0,0,,1,,
52,goggles,0,1,0,3,0,-3,0,0,1,0,1,1,1,0,-3,3,,1,,
52,none,0,1,0,4,0,4,0,1,1,0,0,0,1,0,4,4,,,,
52,none,0.25,1,1,4,-1,-4,0,0,0,1,1,1,0,0,-3,3,,1,,
52,safe,0,0.66666666666667,0,2,0,2,0,1,1,0,0,1,1,0,2,2,,1,,
52,highlight,0.33333333333333,0.33333333333333,1,1,1,-1,1,0,1,0,1,1,0,0,-2,2,,1,,
52,goggles,0.5,0.5,2,2,-2,-2,0,0,0,1,1,1,0,0,0,0,,1,,
52,control,0.33333333333333,0.33333333333333,1,1,-1,-1,0,0,1,1,1,1,0,0,0,0,,,,
52,control,1,1,4,4,4,4,1,1,1,0,0,0,0,0,0,0,,,,
54,goggles,0.5,0.25,2,1,2,1,1,1,1,0,0,0,0,0,-1,1,,1,,
54,safe,0.5,0.5,1,1,-1,-1,0,0,1,1,1,1,0,0,0,0,,1,,
54,highlight,0.5,0.5,1,1,1,-1,1,0,1,0,1,1,0,0,-2,2,,1,,
54,goggles,0.33333333333333,0.33333333333333,1,1,-1,-1,0,0,1,1,1,1,0,0,0,0,,1,,
54,safe,0,,0,,0,,0,,1,0,,0,1,,,0,,,,
54,highlight,0.5,0.25,2,1,-2,-1,0,0,0,1,1,1,0,0,1,1,,1,,
54,none,0.66666666666667,0.66666666666667,2,2,2,2,1,1,1,0,0,1,0,0,0,0,,1,,
54,highlight,0.33333333333333,0.33333333333333,1,1,1,1,1,1,1,0,0,1,0,0,0,0,,1,,
54,none,0.25,0,1,0,-1,0,0,0,0,1,0,1,0,1,1,1,,1,,
54,control,0.33333333333333,0,1,0,-1,0,0,0,1,1,0,1,0,1,1,1,,,,
54,control,1,1,4,4,4,4,1,1,1,0,0,0,0,0,0,0,,,,
58,highlight,0.25,0,1,0,1,0,1,0,1,0,0,0,0,1,-1,1,,1,,
58,safe,0,0.5,0,1,0,1,0,1,1,0,0,1,1,0,1,1,,1,,
58,goggles,1,1,2,2,2,2,1,1,1,0,0,1,0,0,0,0,,,,
58,safe,0.33333333333333,0.33333333333333,1,1,1,1,1,1,1,0,0,1,0,0,0,0,,,,
58,highlight,0,0,0,0,0,0,0,0,1,0,0,0,1,1,0,0,,,,
58,none,0,0.25,0,1,0,-1,0,0,0,0,1,1,1,0,-1,1,,,,
58,goggles,0.33333333333333,0.33333333333333,1,1,1,1,1,1,1,0,0,1,0,0,0,0,,1,,
58,highlight,0.66666666666667,0.66666666666667,2,2,2,2,1,1,1,0,0,1,0,0,0,0,,1,,
58,highlight,0.25,0,1,0,-1,0,0,0,0,1,0,1,0,1,1,1,,1,,
58,control,0,0.33333333333333,0,1,0,1,0,1,1,0,0,1,1,0,1,1,,1,,
58,control,1,0.75,4,3,4,3,1,1,1,0,0,0,0,0,-1,1,,,,
60,none,0,0.25,0,1,0,1,0,1,1,0,0,0,1,0,1,1,,,,
60,goggles,0.5,0.5,1,1,-1,-1,0,0,1,1,1,1,0,0,0,0,,1,,
60,highlight,0.5,0.5,1,1,-1,-1,0,0,1,1,1,1,0,0,0,0,,1,,
60,safe,0,0.66666666666667,0,2,0,-2,0,0,1,0,1,1,1,0,-2,2,,1,,
60,highlight,0.25,0.5,1,2,1,2,1,1,1,0,0,0,0,0,1,1,,1,,
60,highlight,0.25,0,1,0,-1,0,0,0,0,1,0,1,0,1,1,1,,1,,
60,goggles,1,0.66666666666667,3,2,3,2,1,1,1,0,0,1,0,0,-1,1,,,,
60,safe,0,0,0,0,0,0,0,0,1,0,0,1,1,1,0,0,,1,,
60,highlight,0.25,0,1,0,-1,0,0,0,0,1,0,1,0,1,1,1,,1,,
60,control,0,0,0,0,0,0,0,0,1,0,0,1,1,1,0,0,,1,,
60,control,0.75,0.5,3,2,3,2,1,1,1,0,0,0,0,0,-1,1,,1,,
63,highlight,0.25,1,1,4,1,4,1,1,1,0,0,0,0,0,3,3,,1,,
63,none,0,1,0,2,0,2,0,1,1,0,0,1,1,0,2,2,,1,,
63,highlight,0,0,0,0,0,0,0,0,1,0,0,1,1,1,0,0,,1,,
63,safe,0,0,0,0,0,0,0,0,1,0,0,1,1,1,0,0,,1,,
63,safe,0.25,0,1,0,1,0,1,0,1,0,0,0,0,1,-1,1,,1,,
63,none,0.5,0,2,0,-2,0,0,0,0,1,0,1,0,1,2,2,,1,,
63,goggles,0.66666666666667,0,2,0,2,0,1,0,1,0,0,1,0,1,-2,2,,1,,
63,goggles,0.33333333333333,0.33333333333333,1,1,-1,1,0,1,1,1,0,1,0,0,2,2,,,,
63,highlight,0.75,0,3,0,-3,0,0,0,0,1,0,1,0,1,3,3,,1,,
63,control,0,0,0,0,0,0,0,0,1,0,0,1,1,1,0,0,,1,,
63,control,0.5,0.5,2,2,2,2,1,1,1,0,0,0,0,0,0,0,,1,,
65,goggles,0.5,0.75,2,3,2,3,1,1,1,0,0,0,0,0,1,1,,1,,
65,highlight,0.5,0,1,0,-1,0,0,0,1,1,0,1,0,1,1,1,,1,,
65,safe,0.5,1,1,2,1,-2,1,0,1,0,1,1,0,0,-3,3,,1,,
65,highlight,0.66666666666667,1,2,3,-2,-3,0,0,1,1,1,1,0,0,-1,1,,1,,
65,highlight,0.5,0,2,0,2,0,1,0,1,0,0,0,0,1,-2,2,,1,,
65,highlight,0,0,0,0,0,0,0,0,0,0,0,1,1,1,0,0,,,,
65,safe,1,1,3,3,3,3,1,1,1,0,0,1,0,0,0,0,,,,
65,none,0.33333333333333,0,1,0,-1,0,0,0,1,1,0,1,0,1,1,1,,,,
65,none,0.75,0.25,3,1,-3,-1,0,0,0,1,1,1,0,0,2,2,,1,,
65,control,,1,,3,,3,,1,1,,0,1,,0,,0,,,,
65,control,0.5,0.75,2,3,2,3,1,1,1,0,0,0,0,0,1,1,,1,,
67,safe,0.5,0.25,2,1,2,1,1,1,1,0,0,0,0,0,-1,1,,1,,
67,highlight,0,0.5,0,1,0,1,0,1,1,0,0,1,1,0,1,1,,1,,
67,safe,0,0.5,0,1,0,1,0,1,1,0,0,1,1,0,1,1,,1,,
67,none,0,0,0,0,0,0,0,0,1,0,0,1,1,1,0,0,,1,,
67,goggles,0,0.25,0,1,0,1,0,1,1,0,0,0,1,0,1,1,,,,
67,highlight,0.5,0.25,2,1,-2,-1,0,0,0,1,1,1,0,0,1,1,,1,,
67,goggles,0,0,0,0,0,0,0,0,1,0,0,1,1,1,0,0,,1,,
67,highlight,0.33333333333333,0,1,0,-1,0,0,0,1,1,0,1,0,1,1,1,,,,
67,none,0.5,0.75,2,3,-2,-3,0,0,0,1,1,1,0,0,-1,1,,1,,
67,control,0.33333333333333,0,1,0,-1,0,0,0,1,1,0,1,0,1,1,1,,,,
67,control,0.75,0.75,3,3,3,3,1,1,1,0,0,0,0,0,0,0,,1,,
69,goggles,0.5,0.25,2,1,2,1,1,1,1,0,0,0,0,0,-1,1,,1,,
69,highlight,0,0.5,0,1,0,-1,0,0,1,0,1,1,1,0,-1,1,,1,,
69,highlight,0,0,0,0,0,0,0,0,1,0,0,1,1,1,0,0,,1,,
69,highlight,0.33333333333333,0.33333333333333,1,1,-1,-1,0,0,1,1,1,1,0,0,0,0,,1,,
69,goggles,0.25,0.25,1,1,1,1,1,1,1,0,0,0,0,0,0,0,,1,,
69,none,0.5,0.75,2,3,-2,-3,0,0,0,1,1,1,0,0,-1,1,,1,,
69,safe,0.66666666666667,1,2,3,2,3,1,1,1,0,0,1,0,0,1,1,,1,,
69,highlight,0,0.33333333333333,0,1,0,-1,0,0,1,0,1,1,1,0,-1,1,,1,,
69,none,0.5,0.75,2,3,-2,-3,0,0,0,1,1,1,0,0,-1,1,,1,,
69,control,0.33333333333333,0.33333333333333,1,1,1,1,1,1,1,0,0,1,0,0,0,0,,1,,
69,control,0.75,0.5,3,2,3,2,1,1,1,0,0,0,0,0,-1,1,,1,,
70,none,0,0,0,0,0,0,0,0,1,0,0,0,1,1,0,0,,,,
70,none,1,1,2,2,-2,-2,0,0,1,1,1,1,0,0,0,0,,,,
70,goggles,0.5,0,1,0,-1,0,0,0,1,1,0,1,0,1,1,1,,1,,
70,highlight,0,0,0,0,0,0,0,0,1,0,0,1,1,1,0,0,,1,,
70,highlight,0.25,0,1,0,1,0,1,0,1,0,0,0,0,1,-1,1,,1,,
70,safe,0.5,0.25,2,1,-2,-1,0,0,0,1,1,1,0,0,1,1,,1,,
70,highlight,0,0,0,0,0,0,0,0,1,0,0,1,1,1,0,0,,1,,
70,highlight,0.33333333333333,0.33333333333333,1,1,-1,-1,0,0,1,1,1,1,0,0,0,0,,,,
70,safe,0.5,0.25,2,1,-2,-1,0,0,0,1,1,1,0,0,1,1,,1,,
70,control,0.33333333333333,0,1,0,-1,0,0,0,1,1,0,1,0,1,1,1,,,,
70,control,0.5,0.75,2,3,2,3,1,1,1,0,0,0,0,0,1,1,,1,,
74,none,0,0.75,0,3,0,3,0,1,1,0,0,0,1,0,3,3,,,,
74,highlight,0.5,0,1,0,-1,0,0,0,1,1,0,1,0,1,1,1,,1,,
74,goggles,0,0.5,0,1,0,-1,0,0,1,0,1,1,1,0,-1,1,,1,,
74,safe,0,0,0,0,0,0,0,0,1,0,0,1,1,1,0,0,,1,,
74,goggles,0.25,0.25,1,1,1,1,1,1,1,0,0,0,0,0,0,0,,1,,
74,safe,0.25,0,1,0,-1,0,0,0,0,1,0,1,0,1,1,1,,1,,
74,safe,0.66666666666667,0.33333333333333,2,1,2,-1,1,0,1,0,1,1,0,0,-3,3,,1,,
74,safe,0.33333333333333,0,1,0,-1,0,0,0,1,1,0,1,0,1,1,1,,,,
74,highlight,0.75,0.25,3,1,-3,-1,0,0,0,1,1,1,0,0,2,2,,1,,
74,control,0.33333333333333,0,1,0,-1,0,0,0,1,1,0,1,0,1,1,1,,,,
74,control,0.75,0.75,3,3,3,3,1,1,1,0,0,0,0,0,0,0,,1,,
80,none,0,0.5,0,2,0,2,0,1,1,0,0,0,1,0,2,2,,,,
80,goggles,0,1,0,2,0,2,0,1,1,0,0,1,1,0,2,2,,1,,
80,safe,0,0,0,0,0,0,0,0,1,0,0,1,1,1,0,0,,1,,
80,none,0.33333333333333,0.33333333333333,1,1,1,1,1,1,1,0,0,1,0,0,0,0,,,,
80,safe,0,0.75,0,3,0,3,0,1,1,0,0,0,1,0,3,3,,,,
80,goggles,0,0,0,0,0,0,0,0,0,0,0,1,1,1,0,0,,,,
80,highlight,0.33333333333333,1,1,3,1,3,1,1,1,0,0,1,0,0,2,2,,1,,
80,safe,0.33333333333333,0,1,0,-1,0,0,0,1,1,0,1,0,1,1,1,,,,
80,safe,0.75,0,3,0,-3,0,0,0,0,1,0,1,0,1,3,3,,1,,
80,control,1,1,3,3,3,3,1,1,1,0,0,1,0,0,0,0,,,,
80,control,1,0.75,4,3,4,3,1,1,1,0,0,0,0,0,-1,1,,,,
82,safe,,0.75,,3,,3,,1,1,,0,0,,0,,0,,,,
82,highlight,0,0.5,0,1,0,1,0,1,1,0,0,1,1,0,1,1,,1,,
82,none,0.5,,1,,-1,,0,,1,1,,1,0,,,0,,,,
82,highlight,0.33333333333333,0,1,0,-1,0,0,0,1,1,0,1,0,1,1,1,,1,,
82,none,,0.25,,1,,1,,1,1,,0,0,,0,,0,,,,
82,highlight,0,0,0,0,0,0,0,0,0,0,0,1,1,1,0,0,,,,
82,safe,1,,3,,3,,1,,1,0,,1,0,,,0,,,,
82,goggles,0.33333333333333,0.66666666666667,1,2,-1,2,0,1,1,1,0,1,0,0,3,3,,,,
82,highlight,0,0,0,0,0,0,0,0,0,0,0,1,1,1,0,0,,,,
82,control,0,,0,,0,,0,,1,0,,1,1,,,0,,,,
82,control,1,0.5,4,2,4,2,1,1,1,0,0,0,0,0,-2,2,,,,
83,safe,0.25,0.25,1,1,1,1,1,1,1,0,0,0,0,0,0,0,,1,,
83,goggles,0,0,0,0,0,0,0,0,1,0,0,1,1,1,0,0,,1,,
83,highlight,0.5,0,1,0,1,0,1,0,1,0,0,1,0,1,-1,1,,1,,
83,highlight,0.33333333333333,0.33333333333333,1,1,-1,-1,0,0,1,1,1,1,0,0,0,0,,1,,
83,goggles,,0,,0,,0,,0,1,,0,0,,1,,0,,,,
83,none,0.75,0.5,3,2,-3,-2,0,0,0,1,1,1,0,0,1,1,,1,,
83,none,0.66666666666667,1,2,3,2,3,1,1,1,0,0,1,0,0,1,1,,1,,
83,highlight,0.33333333333333,0.66666666666667,1,2,-1,2,0,1,1,1,0,1,0,0,3,3,,,,
83,safe,,0,,0,,0,,0,0,,0,1,,1,,0,,,,
83,control,0.33333333333333,0.33333333333333,1,1,-1,1,0,1,1,1,0,1,0,0,2,2,,,,
83,control,0.75,0.75,3,3,3,3,1,1,1,0,0,0,0,0,0,0,,1,,
84,highlight,0.25,0,1,0,1,0,1,0,1,0,0,0,0,1,-1,1,,1,,
84,goggles,0.5,0.5,1,1,1,1,1,1,1,0,0,1,0,0,0,0,,1,,
84,safe,1,0.5,2,1,2,-1,1,0,1,0,1,1,0,0,-3,3,,,,
84,highlight,0,0,0,0,0,0,0,0,1,0,0,1,1,1,0,0,,1,,
84,goggles,0.75,0,3,0,3,0,1,0,1,0,0,0,0,1,-3,3,,1,,
84,none,,1,,4,,-4,,0,0,,1,1,,0,,0,,,,
84,none,0.33333333333333,0.66666666666667,1,2,-1,2,0,1,1,1,0,1,0,0,3,3,,,,
84,highlight,0,0,0,0,0,0,0,0,1,0,0,1,1,1,0,0,,1,,
84,safe,0.5,0,2,0,-2,0,0,0,0,1,0,1,0,1,2,2,,1,,
84,control,,0.33333333333333,,1,,-1,,0,1,,1,1,,0,,0,,,,
84,control,1,0.75,4,3,4,3,1,1,1,0,0,0,0,0,-1,1,,,,
86,none,1,,4,,4,,1,,1,0,,0,0,,,0,,,,
86,highlight,0.5,0.5,1,1,-1,1,0,1,1,1,0,1,0,0,2,2,,1,,
86,goggles,,,,,,,,,1,,,1,,,,0,,,,
86,highlight,0.33333333333333,0,1,0,1,0,1,0,1,0,0,1,0,1,-1,1,,,,
86,goggles,0,0,0,0,0,0,0,0,1,0,0,0,1,1,0,0,,,,
86,none,0.25,,1,,-1,,0,,0,1,,1,0,,,0,,,,
86,highlight,0.66666666666667,,2,,2,,1,,1,0,,1,0,,,0,,,,
86,safe,0.33333333333333,0,1,0,-1,0,0,0,1,1,0,1,0,1,1,1,,,,
86,safe,,0.25,,1,,-1,,0,0,,1,1,,0,,0,,,,
86,control,,,,,,,,,1,,,1,,,,0,,,,
86,control,1,1,4,4,4,4,1,1,1,0,0,0,0,0,0,0,,,,
87,highlight,0,0,0,0,0,0,0,0,1,0,0,0,1,1,0,0,,,,
87,safe,0,0,0,0,0,0,0,0,1,0,0,1,1,1,0,0,,1,,
87,goggles,1,1,2,2,2,2,1,1,1,0,0,1,0,0,0,0,,,,
87,none,0.33333333333333,0.33333333333333,1,1,1,1,1,1,1,0,0,1,0,0,0,0,,,,
87,highlight,0,0,0,0,0,0,0,0,1,0,0,0,1,1,0,0,,,,
87,highlight,1,1,4,4,-4,-4,0,0,0,1,1,1,0,0,0,0,,,,
87,none,1,1,3,3,3,3,1,1,1,0,0,1,0,0,0,0,,,,
87,highlight,0.33333333333333,1,1,3,-1,3,0,1,1,1,0,1,0,0,4,4,,,,
87,safe,0,0.5,0,2,0,-2,0,0,0,0,1,1,1,0,-2,2,,,,
87,control,,0.33333333333333,,1,,-1,,0,1,,1,1,,0,,0,,,,
87,control,1,1,4,4,4,4,1,1,1,0,0,0,0,0,0,0,,,,
88,highlight,0,0.25,0,1,0,1,0,1,1,0,0,0,1,0,1,1,,,,
88,goggles,0.5,0.5,1,1,1,1,1,1,1,0,0,1,0,0,0,0,,1,,
88,highlight,0,0.5,0,1,0,1,0,1,1,0,0,1,1,0,1,1,,1,,
88,none,0,0,0,0,0,0,0,0,1,0,0,1,1,1,0,0,,1,,
88,highlight,0,0,0,0,0,0,0,0,1,0,0,0,1,1,0,0,,,,
88,none,0.25,0.25,1,1,-1,-1,0,0,0,1,1,1,0,0,0,0,,1,,
88,highlight,1,0.33333333333333,3,1,3,-1,1,0,1,0,1,1,0,0,-4,4,,,,
88,goggles,0.33333333333333,0.33333333333333,1,1,1,-1,1,0,1,0,1,1,0,0,-2,2,,1,,
88,safe,0.5,0,2,0,-2,0,0,0,0,1,0,1,0,1,2,2,,1,,
88,control,0,0,0,0,0,0,0,0,1,0,0,1,1,1,0,0,,1,,
88,control,0.75,1,3,4,3,4,1,1,1,0,0,0,0,0,1,1,,1,,
90,highlight,0.25,0,1,0,1,0,1,0,1,0,0,0,0,1,-1,1,,1,,
90,goggles,,0,,0,,0,,0,1,,0,1,,1,,0,,,,
90,goggles,0,0.5,0,1,0,-1,0,0,1,0,1,1,1,0,-1,1,,1,,
90,highlight,0,0,0,0,0,0,0,0,1,0,0,1,1,1,0,0,,1,,
90,highlight,0,0,0,0,0,0,0,0,1,0,0,0,1,1,0,0,,,,
90,highlight,0.25,0,1,0,-1,0,0,0,0,1,0,1,0,1,1,1,,1,,
90,none,0.33333333333333,1,1,3,-1,3,0,1,1,1,0,1,0,0,4,4,,,,
90,safe,0.33333333333333,0,1,0,-1,0,0,0,1,1,0,1,0,1,1,1,,,,
90,safe,0.75,0,3,0,-3,0,0,0,0,1,0,1,0,1,3,3,,1,,
90,control,0.33333333333333,0.33333333333333,1,1,-1,-1,0,0,1,1,1,1,0,0,0,0,,,,
90,control,0.75,0.75,3,3,3,3,1,1,1,0,0,0,0,0,0,0,,1,,
91,none,0.25,0.75,1,3,1,3,1,1,1,0,0,0,0,0,2,2,,1,,
91,goggles,1,1,2,2,-2,2,0,1,1,1,0,1,0,0,4,4,,,,
91,highlight,1,0,2,0,2,0,1,0,1,0,0,1,0,1,-2,2,,,,
91,none,0,0.33333333333333,0,1,0,1,0,1,1,0,0,1,1,0,1,1,,1,,
91,safe,0.25,1,1,4,1,4,1,1,1,0,0,0,0,0,3,3,,1,,
91,highlight,0.5,0.25,2,1,-2,-1,0,0,0,1,1,1,0,0,1,1,,1,,
91,goggles,1,0.33333333333333,3,1,3,1,1,1,1,0,0,1,0,0,-2,2,,,,
91,highlight,0.33333333333333,0,1,0,1,0,1,0,1,0,0,1,0,1,-1,1,,1,,
91,safe,0.75,0,3,0,-3,0,0,0,0,1,0,1,0,1,3,3,,1,,
91,control,0,0.33333333333333,0,1,0,1,0,1,1,0,0,1,1,0,1,1,,1,,
91,control,0.75,1,3,4,3,4,1,1,1,0,0,0,0,0,1,1,,1,,
93,none,0,1,0,4,0,4,0,1,1,0,0,0,1,0,4,4,,,,
93,highlight,1,0,2,0,-2,0,0,0,1,1,0,1,0,1,2,2,,,,
93,none,0.5,1,1,2,1,2,1,1,1,0,0,1,0,0,1,1,,1,,
93,goggles,0,0.33333333333333,0,1,0,-1,0,0,1,0,1,1,1,0,-1,1,,1,,
93,highlight,0,0,0,0,0,0,0,0,1,0,0,0,1,1,0,0,,,,
93,highlight,0.25,0,1,0,-1,0,0,0,0,1,0,1,0,1,1,1,,1,,
93,goggles,0.66666666666667,0,2,0,2,0,1,0,1,0,0,1,0,1,-2,2,,1,,
93,safe,0.33333333333333,0,1,0,-1,0,0,0,1,1,0,1,0,1,1,1,,,,
93,safe,0.75,0,3,0,-3,0,0,0,0,1,0,1,0,1,3,3,,1,,
93,control,0,0,0,0,0,0,0,0,1,0,0,1,1,1,0,0,,1,,
93,control,1,0.75,4,3,4,3,1,1,1,0,0,0,0,0,-1,1,,,,
95,safe,0.25,0,1,0,1,0,1,0,1,0,0,0,0,1,-1,1,,1,,
95,safe,0.5,0.5,1,1,1,-1,1,0,1,0,1,1,0,0,-2,2,,1,,
95,highlight,0,0,0,0,0,0,0,0,1,0,0,1,1,1,0,0,,1,,
95,highlight,0.66666666666667,0,2,0,-2,0,0,0,1,1,0,1,0,1,2,2,,1,,
95,highlight,0,0,0,0,0,0,0,0,1,0,0,0,1,1,0,0,,,,
95,goggles,0,0.25,0,1,0,-1,0,0,0,0,1,1,1,0,-1,1,,,,
95,highlight,0.66666666666667,0,2,0,2,0,1,0,1,0,0,1,0,1,-2,2,,1,,
95,none,0.33333333333333,0.33333333333333,1,1,-1,-1,0,0,1,1,1,1,0,0,0,0,,,,
95,goggles,0.75,0.25,3,1,-3,-1,0,0,0,1,1,1,0,0,2,2,,1,,
95,control,0,0,0,0,0,0,0,0,1,0,0,1,1,1,0,0,,1,,
95,control,0.75,0.5,3,2,3,2,1,1,1,0,0,0,0,0,-1,1,,1,,
97,none,0,1,0,4,0,4,0,1,1,0,0,0,1,0,4,4,,,,
97,goggles,0.5,1,1,2,-1,2,0,1,1,1,0,1,0,0,3,3,,1,,
97,highlight,0.5,0.5,1,1,1,1,1,1,1,0,0,1,0,0,0,0,,1,,
97,highlight,0.33333333333333,0.33333333333333,1,1,-1,1,0,1,1,1,0,1,0,0,2,2,,1,,
97,goggles,0.25,1,1,4,1,4,1,1,1,0,0,0,0,0,3,3,,1,,
97,goggles,0.5,0,2,0,-2,0,0,0,0,1,0,1,0,1,2,2,,1,,
97,safe,0,0.33333333333333,0,1,0,-1,0,0,1,0,1,1,1,0,-1,1,,1,,
97,safe,0.33333333333333,0.33333333333333,1,1,-1,-1,0,0,1,1,1,1,0,0,0,0,,,,
97,none,0,0,0,0,0,0,0,0,0,0,0,1,1,1,0,0,,,,
97,control,,0.33333333333333,,1,,-1,,0,1,,1,1,,0,,0,,,,
97,control,0.75,1,3,4,3,4,1,1,1,0,0,0,0,0,1,1,,1,,
100,highlight,0,0,0,0,0,0,0,0,1,0,0,0,1,1,0,0,,,,
100,goggles,0.5,0.5,1,1,1,1,1,1,1,0,0,1,0,0,0,0,,1,,
100,safe,0.5,0.5,1,1,1,-1,1,0,1,0,1,1,0,0,-2,2,,1,,
100,safe,0.33333333333333,0.33333333333333,1,1,1,1,1,1,1,0,0,1,0,0,0,0,,,,
100,goggles,0.25,0,1,0,1,0,1,0,1,0,0,0,0,1,-1,1,,1,,
100,highlight,0.5,0,2,0,-2,0,0,0,0,1,0,1,0,1,2,2,,1,,
100,none,0.33333333333333,0.33333333333333,1,1,-1,1,0,1,1,1,0,1,0,0,2,2,,,,
100,highlight,0,0.33333333333333,0,1,0,-1,0,0,1,0,1,1,1,0,-1,1,,1,,
100,none,1,0.75,4,3,-4,-3,0,0,0,1,1,1,0,0,1,1,,,,
100,control,0,0,0,0,0,0,0,0,1,0,0,1,1,1,0,0,,1,,
100,control,1,0.75,4,3,4,3,1,1,1,0,0,0,0,0,-1,1,,,,
104,safe,0.75,1,3,4,3,4,1,1,1,0,0,0,0,0,1,1,,1,,
104,highlight,0,0,0,0,0,0,0,0,1,0,0,1,1,1,0,0,,1,,
104,highlight,1,1,2,2,2,-2,1,0,1,0,1,1,0,0,-4,4,,,,
104,highlight,0,0.33333333333333,0,1,0,1,0,1,1,0,0,1,1,0,1,1,,1,,
104,goggles,0.5,0,2,0,2,0,1,0,1,0,0,0,0,1,-2,2,,1,,
104,none,0.5,0,2,0,-2,0,0,0,0,1,0,1,0,1,2,2,,1,,
104,goggles,,0.66666666666667,,2,,2,,1,1,,0,1,,0,,0,,,,
104,none,0.66666666666667,1,2,3,2,3,1,1,1,0,0,1,0,0,1,1,,1,,
104,highlight,0.75,0.25,3,1,-3,-1,0,0,0,1,1,1,0,0,2,2,,1,,
104,control,0.33333333333333,0.66666666666667,1,2,1,2,1,1,1,0,0,1,0,0,1,1,,1,,
104,control,1,0.75,4,3,4,3,1,1,1,0,0,0,0,0,-1,1,,,,
106,highlight,0.5,0.25,2,1,2,1,1,1,1,0,0,0,0,0,-1,1,,1,,
106,safe,0.5,1,1,2,-1,2,0,1,1,1,0,1,0,0,3,3,,1,,
106,safe,0,,0,,0,,0,,1,0,,1,1,,,0,,,,
106,goggles,0,0.33333333333333,0,1,0,-1,0,0,1,0,1,1,1,0,-1,1,,1,,
106,highlight,0.25,1,1,4,1,4,1,1,1,0,0,0,0,0,3,3,,1,,
106,none,0.25,0.5,1,2,-1,-2,0,0,0,1,1,1,0,0,-1,1,,1,,
106,safe,0.66666666666667,0.66666666666667,2,2,2,2,1,1,1,0,0,1,0,0,0,0,,1,,
106,goggles,0.33333333333333,0.33333333333333,1,1,-1,-1,0,0,1,1,1,1,0,0,0,0,,,,
106,safe,0.75,0,3,0,-3,0,0,0,0,1,0,1,0,1,3,3,,1,,
106,control,0,0.33333333333333,0,1,0,1,0,1,1,0,0,1,1,0,1,1,,1,,
106,control,0.75,0.5,3,2,3,2,1,1,1,0,0,0,0,0,-1,1,,1,,
109,safe,0.25,0.75,1,3,1,3,1,1,1,0,0,0,0,0,2,2,,1,,
109,safe,0,0,0,0,0,0,0,0,1,0,0,1,1,1,0,0,,1,,
109,highlight,0.5,0.5,1,1,-1,-1,0,0,1,1,1,1,0,0,0,0,,1,,
109,goggles,0,0.33333333333333,0,1,0,1,0,1,1,0,0,1,1,0,1,1,,1,,
109,none,0.25,0.75,1,3,1,3,1,1,1,0,0,0,0,0,2,2,,1,,
109,highlight,0.5,0.5,2,2,-2,-2,0,0,0,1,1,1,0,0,0,0,,1,,
109,goggles,0.66666666666667,0.33333333333333,2,1,2,-1,1,0,1,0,1,1,0,0,-3,3,,1,,
109,highlight,0,0,0,0,0,0,0,0,1,0,0,1,1,1,0,0,,1,,
109,highlight,0.5,0,2,0,-2,0,0,0,0,1,0,1,0,1,2,2,,1,,
109,control,0,0.33333333333333,0,1,0,1,0,1,1,0,0,1,1,0,1,1,,1,,
109,control,0.75,0.5,3,2,3,2,1,1,1,0,0,0,0,0,-1,1,,1,,
108,none,,1,,4,,4,,1,1,,0,0,,0,,0,,,,
108,highlight,1,0.5,2,1,-2,1,0,1,1,1,0,1,0,0,3,3,,,,
108,none,0,0.5,0,1,0,1,0,1,1,0,0,1,1,0,1,1,,1,,
108,safe,0,0.33333333333333,0,1,0,1,0,1,1,0,0,1,1,0,1,1,,1,,
108,highlight,,0.25,,1,,1,,1,1,,0,0,,0,,0,,,,
108,goggles,0,0,0,0,0,0,0,0,0,0,0,1,1,1,0,0,,,,
108,highlight,0.33333333333333,0.33333333333333,1,1,-1,1,0,1,1,1,0,1,0,0,2,2,,,,
108,highlight,0.33333333333333,0.66666666666667,1,2,1,2,1,1,1,0,0,1,0,0,1,1,,1,,
108,goggles,0.25,0,1,0,-1,0,0,0,0,1,0,1,0,1,1,1,,1,,
108,control,0.33333333333333,1,1,3,1,3,1,1,1,0,0,1,0,0,2,2,,1,,
108,control,0.75,,3,,3,,1,,1,0,,0,0,,,0,,,,
117,highlight,,,,,,,,,1,,,0,,,,0,,,,
117,highlight,,,,,,,,,1,,,1,,,,0,,,,
117,safe,,,,,,,,,1,,,1,,,,0,,,,
117,none,,,,,,,,,1,,,1,,,,0,,,,
117,goggles,,,,,,,,,1,,,0,,,,0,,,,
117,none,,,,,,,,,0,,,1,,,,0,,,,
117,goggles,,,,,,,,,1,,,1,,,,0,,,,
117,none,,,,,,,,,1,,,1,,,,0,,,,
117,none,,,,,,,,,0,,,1,,,,0,,,,
117,control,,,,,,,,,1,,,1,,,,0,,,,
117,control,,,,,,,,,1,,,0,,,,0,,,,
